ERROR	*	FETCH_FAILED
200	/AnalyticsDashboard	MOUNTED
200	/AuthCallback	MOUNTED
200	/Billing	MOUNTED
200	/LandingPage	MOUNTED
200	/Messages	MOUNTED
200	/PaymentSuccess	MOUNTED
200	/Settings	MOUNTED
200	/SimpleVipEntry	MOUNTED
200	/about	MOUNTED
200	/admin	MOUNTED
200	/agency	MOUNTED
200	/analytics	MOUNTED
200	/auth	MOUNTED
200	/auth/callback	MOUNTED
200	/billing	MOUNTED
200	/campaigns	MOUNTED
200	/community	MOUNTED
200	/content-manager	MOUNTED
200	/create	MOUNTED
200	/creator	MOUNTED
200	/creator-application	MOUNTED
200	/creator-dashboard	MOUNTED
200	/creator/${user?.user_metadata?.username || 	MOUNTED
200	/creator/:username	MOUNTED
200	/creator/analytics	MOUNTED
200	/creator/content	MOUNTED
200	/creator/dashboard	MOUNTED
200	/creator/earnings	MOUNTED
200	/creator/fans	MOUNTED
200	/creator/tools	MOUNTED
200	/dashboard	MOUNTED
200	/discover	MOUNTED
200	/error	MOUNTED
200	/explore	MOUNTED
200	/features	MOUNTED
200	/feed	MOUNTED
200	/following	MOUNTED
200	/forum	MOUNTED
200	/help	MOUNTED
200	/home	MOUNTED
200	/html-generator	MOUNTED
200	/landing	MOUNTED
200	/legal	MOUNTED
200	/login	MOUNTED
200	/luxury-demo	MOUNTED
200	/marketing	MOUNTED
200	/messages	MOUNTED
200	/mobile	MOUNTED
200	/notifications	MOUNTED
200	/payment-success	MOUNTED
200	/pricing	MOUNTED
200	/profile	MOUNTED
200	/recent	MOUNTED
200	/reels	MOUNTED
200	/referrals	MOUNTED
200	/register	MOUNTED
200	/robots.txt	MOUNT_CHECK_FAIL
200	/saved	MOUNTED
200	/search	MOUNTED
200	/settings	MOUNTED
200	/signin	MOUNTED
200	/signup	MOUNTED
200	/sitemap.xml	MOUNT_CHECK_FAIL
200	/subscription-plans	MOUNTED
200	/support	MOUNTED
200	/terms	MOUNTED
200	/test	MOUNT_CHECK_FAIL
200	/trending	MOUNTED
200	/ui-demo	MOUNTED
200	/upload	MOUNTED
200	/user	MOUNTED
200	/videos	MOUNTED
200	/vip	MOUNTED